time,displacement
0,63.25
0.8,63.18
1.1,63.12
1.3,63.05
1.6,62.99
1.8,62.92
2.1,62.85
2.3,62.78
2.6,62.72
2.8,62.64
3.1,62.58
3.3,62.51
3.6,62.44
3.8,62.38
4.1,62.31
4.3,62.24
4.6,62.17
4.8,62.11
5.1,62.04
5.3,61.98
5.6,61.91
5.8,61.85
6.1,61.79
6.3,61.73
6.6,61.67
6.9,61.58
7.3,61.49
7.7,61.4
8.1,61.31
8.5,61.22
9,61.12
9.5,61.02
10,60.93
10.6,60.84
11.2,60.75
11.8,60.68
12.5,60.62
13.2,60.58
14,60.54
14.8,60.52
15.6,60.51
16.5,60.5
17.5,60.49
18.4,60.48
19.5,60.47
20.7,60.46
21.9,60.44
23.1,60.43
24.4,60.41
25.9,60.39
27.4,60.38
28.9,60.36
30.6,60.34
32.4,60.33
34.3,60.31
36.3,60.29
38.4,60.29
40.6,60.28
43,60.27
45.5,60.26
48.2,60.26
51,60.25
54,60.24
57.2,60.24
60.5,60.23
64.1,60.22
67.7,60.22
71.9,60.21
76.1,60.2
80.3,60.19
85.1,60.19
90.5,60.18
95.3,60.17
101.3,60.16
107.3,60.15
113.3,60.14
119.9,60.13
127.1,60.12
134.9,60.11
142.7,60.1
151.1,60.09
160.1,60.07
169.8,60.06
179.3,60.04
190.1,60.02
201.5,60.01
213.5,59.99
226.1,59.97
239.3,59.95
253.7,59.93
268.7,59.9
284.3,59.88
301.1,59.86
319.1,59.83
337.7,59.8
358.1,59.77
379.1,59.73
401.3,59.7
425.3,59.66
450.5,59.63
476.9,59.58
505.1,59.55
535.1,59.5
566.9,59.45
600.6,59.4
636.5,59.35
672.5,59.3
714.5,59.23
756.6,59.17
798.5,59.12
846.5,59.05
900.5,58.97
948.5,58.9
1008.5,58.82
1068.6,58.74
1128.5,58.65
1194.5,58.55
1266.5,58.46
1344.5,58.35
1422.5,58.24
1506.5,58.13
1596.5,58.01
1692.6,57.88
1788.5,57.75
1899.5,57.61
2010.5,57.46
2130.5,57.3
2256.5,57.13
2388.5,56.96
2532.5,56.78
2682.5,56.59
2838.5,56.4
3006.5,56.19
3186.5,55.97
3372.5,55.74
3576.5,55.51
3786.5,55.25
4008.5,54.98
4248.5,54.7
4500.5,54.4
4764.5,54.09
5046.5,53.76
5355.55,53.42
5664.6,53.07
6000.6,52.71
6360.5,52.32
6720.5,51.95
7140.5,51.52
7560.5,51.09
7980.5,50.65
8460.5,50.18
8970.55,49.64
9480.6,49.19
10080.5,48.62
10680.5,48.08
11280.5,47.54
11880.5,47.01
12480.5,46.49
13080.5,45.97
13680.5,45.47
14280.5,44.97
14880.6,44.48
15480.5,44
16080.5,43.54
16680.5,43.07
17280.5,42.61
17880.5,42.16
18480.5,41.72
19080.5,41.29
19680.55,40.86
20280.6,40.44
20880.5,40.02
21480.5,39.62
22080.5,39.21
22680.5,38.81
23280.5,38.42
23880.5,38.02
24480.5,37.63
25080.5,37.26
25680.6,36.87
26280.5,36.49
26880.5,36.13
27480.5,35.77
28080.5,35.41
28680.5,35.07
29280.5,34.72
29880.5,34.38
30480.55,34.05
31080.6,33.72
31680.5,33.39
32280.5,33.07
32880.5,32.76
33480.5,32.45
34080.5,32.13
34680.5,31.84
35280.5,31.54
35880.5,31.23
36480.6,30.91
37080.5,30.6
37680.5,30.29
38280.5,29.99
38880.5,29.69
39480.5,29.4
40080.5,29.11
40680.5,28.83
41280.55,28.56
41880.6,28.28
42480.5,28.01
43080.5,27.74
43680.5,27.48
44280.5,27.22
44880.5,26.97
45480.5,26.71
46080.5,26.46
46680.5,26.21
47280.6,25.97
47880.5,25.72
48480.5,25.49
49080.5,25.25
49680.5,25.02
50280.5,24.79
50880.5,24.56
51480.5,24.34
52080.55,24.11
52680.6,23.9
53280.5,23.67
53880.5,23.46
54480.5,23.25
55080.5,23.03
55680.5,22.83
56280.5,22.61
56880.5,22.41
57480.5,22.21
58080.6,22.01
58680.5,21.81
59280.5,21.61
59880.5,21.42
60480.5,21.22
61080.5,21.04
61680.5,20.86
62280.5,20.67
62880.55,20.49
63480.6,20.31
64080.5,20.12
64680.5,19.95
65280.5,19.78
65880.5,19.6
66480.5,19.43
67080.5,19.26
67680.5,19.09
68280.5,18.92
68880.6,18.76
69480.5,18.59
70080.5,18.43
70680.5,18.27
71280.5,18.11
71880.5,17.96
72480.5,17.8
73080.5,17.64
73680.55,17.48
74280.6,17.34
74880.5,17.19
75480.5,17.04
76080.5,16.89
76680.5,16.75
77280.5,16.61
77880.5,16.46
78480.5,16.32
79080.5,16.18
79680.6,16.05
80280.5,15.91
80880.5,15.77
81480.5,15.64
82080.5,15.51
82680.5,15.38
83280.5,15.25
83880.5,15.12
84480.55,14.99
85080.6,14.87
85680.5,14.74
86280.5,14.62
86880.5,14.5
87480.5,14.38
88080.5,14.26
88680.5,14.14
89280.5,14.03
89880.5,13.91
90480.6,13.8
91080.5,13.69
91680.5,13.58
92280.5,13.47
92880.5,13.36
93480.5,13.25
94080.5,13.14
94680.5,13.04
95280.55,12.94
95880.6,12.83
96480.5,12.74
97080.5,12.63
97680.5,12.53
98280.5,12.43
98880.5,12.33
99480.5,12.24
100080.5,12.14
100680.5,12.05
101280.6,11.95
101880.5,11.86
102480.5,11.76
103080.5,11.67
103680.5,11.58
104280.5,11.5
104880.5,11.4
105480.5,11.32
106080.55,11.23
106680.6,11.15
107280.5,11.07
107880.5,10.98
108480.5,10.89
109080.5,10.8
109680.5,10.72
110280.5,10.65
110880.5,10.56
111480.5,10.49
112080.6,10.41
112680.5,10.32
113280.5,10.25
113880.5,10.17
114480.5,10.09
115080.5,10.02
115680.5,9.94
116280.5,9.87
116880.55,9.8
117480.6,9.74
118080.5,9.65
118680.5,9.58
119280.5,9.52
119880.5,9.44
120480.5,9.37
121080.5,9.3
121680.5,9.23
122280.5,9.16
122880.6,9.09
123480.5,9.03
124080.5,8.97
124680.5,8.89
125280.5,8.83
125880.5,8.76
126480.5,8.7
127080.5,8.63
127680.55,8.58
128280.6,8.51
128880.5,8.46
129480.5,8.38
130080.5,8.32
130680.5,8.26
131280.5,8.21
131880.5,8.14
132480.5,8.08
133080.5,8.03
133680.6,7.97
134280.5,7.92
134880.5,7.86
135480.5,7.81
136080.5,7.75
136680.5,7.7
137280.5,7.63
137880.5,7.58
138480.55,7.53
139080.6,7.47
139680.5,7.42
140280.5,7.37
140880.5,7.31
141480.5,7.26
142080.5,7.21
142680.5,7.16
143280.5,7.12
143880.5,7.06
144480.6,7.02
145080.5,6.97
145680.5,6.91
146280.5,6.87
146880.5,6.82
147480.5,6.78
148080.5,6.73
148680.5,6.69
149280.55,6.64
149880.6,6.59
150480.5,6.55
151080.5,6.5
151680.5,6.47
152280.5,6.42
152880.5,6.38
153480.5,6.34
154080.5,6.29
154680.5,6.24
155280.6,6.2
155880.5,6.17
156480.5,6.12
157080.5,6.08
157680.5,6.05
158280.5,6
158880.5,5.96
159480.5,5.92
160080.55,5.89
160680.6,5.86
161280.5,5.8
161880.5,5.77
162480.5,5.74
163080.5,5.7
163680.5,5.66
164280.5,5.62
164880.5,5.58
165480.5,5.55
166080.6,5.51
166680.5,5.47
167280.5,5.44
167880.5,5.4
168480.5,5.37
169080.5,5.33
169680.5,5.3
170280.5,5.26
170880.55,5.24
171480.6,5.2
172080.5,5.16
172680.5,5.13
173280.5,5.1
173880.5,5.06
174480.5,5.03
175080.5,5
175680.5,4.96
176280.5,4.93
176880.6,4.9
177480.5,4.87
178080.5,4.84
178680.5,4.81
179280.5,4.78
179880.5,4.74
180480.5,4.72
181080.5,4.68
181680.55,4.66
182280.6,4.62
182880.5,4.59
183480.5,4.57
184080.5,4.54
184680.5,4.51
185280.5,4.48
185880.5,4.46
186480.5,4.43
187080.5,4.41
187680.6,4.38
188280.5,4.35
188880.5,4.33
189480.5,4.31
190080.5,4.28
190680.5,4.26
191280.5,4.23
191880.5,4.21
192480.55,4.18
193080.6,4.16
193680.5,4.13
194280.5,4.12
194880.5,4.09
195480.5,4.07
196080.5,4.04
196680.5,4.02
197280.5,4
197880.5,3.98
198480.6,3.96
199080.5,3.93
199680.5,3.91
200280.5,3.89
200880.5,3.87
201480.5,3.85
202080.5,3.83
202680.5,3.81
203280.55,3.78
203880.6,3.76
204480.5,3.74
205080.5,3.72
205680.5,3.7
206280.5,3.68
206880.5,3.66
207480.5,3.64
208080.5,3.62
208680.5,3.6
209280.6,3.58
209880.5,3.57
210480.5,3.55
211080.5,3.53
211680.5,3.51
212280.5,3.49
212880.5,3.47
213480.5,3.46
214080.55,3.44
214680.6,3.41
215280.5,3.39
215880.5,3.38
216480.5,3.36
217080.5,3.34
217680.5,3.33
218280.5,3.3
218880.5,3.3
219480.5,3.28
220080.6,3.26
220680.5,3.23
221280.5,3.22
221880.5,3.2
222480.5,3.19
223080.5,3.17
223680.5,3.16
224280.5,3.13
224880.55,3.13
225480.6,3.11
226080.5,3.09
226680.5,3.08
227280.5,3.06
227880.5,3.05
228480.5,3.04
229080.5,3.02
229680.5,3
230280.5,2.99
230880.6,2.97
231480.5,2.95
232080.5,2.94
232680.5,2.92
233280.5,2.91
233880.5,2.9
234480.5,2.88
235080.5,2.86
235680.55,2.85
236280.6,2.84
236880.5,2.82
237480.5,2.82
238080.5,2.8
238680.5,2.79
239280.5,2.77
239880.5,2.76
240480.5,2.75
241080.5,2.73
241680.6,2.72
242280.5,2.71
242880.5,2.7
243480.5,2.69
244080.5,2.67
244680.5,2.66
245280.5,2.65
245880.5,2.64
246480.55,2.62
247080.6,2.61
247680.5,2.59
248280.5,2.59
248880.5,2.56
249480.5,2.55
250080.5,2.54
250680.5,2.54
251280.5,2.53
251880.5,2.52
252480.6,2.5
253080.5,2.49
253680.5,2.48
254280.5,2.47
254880.5,2.46
255480.5,2.44
256080.5,2.44
256680.5,2.43
257280.55,2.41
257880.6,2.41
258480.5,2.39
259080.5,2.38
259680.5,2.37
260280.5,2.36
260880.5,2.36
261480.5,2.34
262080.5,2.33
262680.5,2.32
263280.6,2.31
263880.5,2.29
264480.5,2.29
265080.5,2.27
265680.5,2.27
266280.5,2.25
266880.5,2.24
267480.5,2.24
268080.55,2.23
268680.6,2.22
269280.5,2.2
269880.5,2.2
270480.5,2.19
271080.5,2.18
271680.5,2.17
272280.5,2.16
272880.5,2.15
273480.5,2.14
274080.6,2.13
274680.5,2.12
275280.5,2.11
275880.5,2.1
276480.5,2.1
277080.5,2.08
277680.5,2.08
278280.5,2.07
278880.55,2.05
279480.6,2.06
280080.5,2.04
280680.5,2.04
281280.5,2.03
281880.5,2.02
282480.5,2.01
283080.5,2
283680.5,1.99
284280.5,1.99
284880.6,1.97
285480.5,1.97
286080.5,1.97
286680.5,1.95
287280.5,1.94
287880.5,1.94
288480.5,1.93
289080.5,1.92
289680.55,1.91
290280.6,1.9
290880.5,1.89
291480.5,1.88
292080.5,1.88
292680.5,1.87
293280.5,1.86
293880.5,1.86
294480.5,1.85
295080.5,1.84
295680.6,1.83
296280.5,1.82
296880.5,1.82
297480.5,1.8
298080.5,1.81
298680.5,1.8
299280.5,1.79
299880.5,1.78
300480.55,1.77
301080.6,1.77
301680.5,1.76
302280.5,1.76
302880.5,1.74
303480.5,1.73
304080.5,1.73
304680.5,1.73
305280.5,1.72
305880.5,1.71
306480.6,1.7
307080.5,1.7
307680.5,1.69
308280.5,1.69
308880.5,1.68
309480.5,1.66
310080.5,1.66
310680.5,1.65
311280.55,1.65
311880.6,1.64
312480.5,1.64
313080.5,1.62
313680.5,1.62
314280.5,1.62
314880.5,1.61
315480.5,1.61
316080.5,1.6
316680.5,1.59
317280.6,1.58
317880.5,1.58
318480.5,1.58
319080.5,1.56
319680.5,1.56
320280.5,1.56
320880.5,1.55
321480.5,1.55
322080.55,1.54
322680.6,1.53
323280.5,1.53
323880.5,1.52
324480.5,1.52
325080.5,1.5
325680.5,1.5
326280.5,1.49
326880.5,1.49
327480.5,1.49
328080.6,1.48
328680.5,1.47
329280.5,1.47
329880.5,1.46
330480.5,1.45
331080.5,1.45
331680.5,1.45
332280.5,1.44
332880.55,1.43
333480.6,1.43
334080.5,1.42
334680.5,1.43
335280.5,1.42
335880.5,1.42
336480.5,1.41
337080.5,1.4
337680.5,1.4
338280.5,1.39
338880.6,1.39
339480.5,1.39
340080.5,1.37
340680.5,1.38
341280.5,1.37
341880.5,1.37
342480.5,1.37
343080.5,1.35
343680.55,1.35
344280.6,1.35
344880.5,1.34
345480.5,1.33
346080.5,1.33
346680.5,1.32
347280.5,1.32
347880.5,1.32
348480.5,1.31
349080.5,1.31
349680.6,1.3
350280.5,1.3
350880.5,1.29
351480.5,1.29
352080.5,1.29
352680.5,1.28
353280.5,1.28
353880.5,1.27
354480.55,1.27
355080.6,1.26
355680.5,1.26
356280.5,1.25
356880.5,1.25
357480.5,1.24
358080.5,1.25
358680.5,1.24
359280.5,1.24
359880.5,1.23
360480.6,1.22
361080.5,1.22
361680.5,1.22
362280.5,1.22
362880.5,1.2
363480.5,1.19
364080.5,1.2
364680.5,1.2
365280.55,1.18
365880.6,1.18
366480.5,1.18
367080.5,1.17
367680.5,1.17
368280.5,1.16
368880.5,1.16
369480.5,1.16
370080.5,1.16
370680.5,1.15
371280.6,1.15
371880.5,1.14
372480.5,1.14
373080.5,1.13
373680.5,1.13
374280.5,1.13
374880.5,1.12
375480.5,1.12
376080.55,1.12
376680.6,1.11
377280.5,1.11
377880.5,1.1
378480.5,1.1
379080.5,1.1
379680.5,1.1
380280.5,1.09
380880.5,1.08
381480.5,1.08
382080.6,1.09
382680.5,1.08
383280.5,1.08
383880.5,1.07
384480.5,1.07
385080.5,1.06
385680.5,1.06
386280.5,1.05
386880.55,1.05
387480.6,1.05
388080.5,1.04
388680.5,1.04
389280.5,1.03
389880.5,1.03
390480.5,1.03
391080.5,1.03
391680.5,1.02
392280.5,1.01
392880.6,1.01
393480.5,1.01
394080.5,1.01
394680.5,1
395280.5,0.99
395880.5,0.99
396480.5,0.99
397080.5,0.98
397680.55,0.98
398280.6,0.98
398880.5,0.97
399480.5,0.96
400080.5,0.96
400680.5,0.96
401280.5,0.95
401880.5,0.96
402480.5,0.95
403080.5,0.95
403680.6,0.94
404280.5,0.94
404880.5,0.94
405480.5,0.93
406080.5,0.93
406680.5,0.92
407280.5,0.92
407880.5,0.92
408480.55,0.91
409080.6,0.91
409680.5,0.9
410280.5,0.9
410880.5,0.9
411480.5,0.9
412080.5,0.89
412680.5,0.88
413280.5,0.88
413880.5,0.88
414480.6,0.88
415080.5,0.88
415680.5,0.88
416280.5,0.87
416880.5,0.87
417480.5,0.86
418080.5,0.87
418680.5,0.86
419280.55,0.85
419880.6,0.85
420480.5,0.85
421080.5,0.84
421680.5,0.84
422280.5,0.84
422880.5,0.83
423480.5,0.83
424080.5,0.83
424680.5,0.83
425280.6,0.82
425880.5,0.83
426480.5,0.82
427080.5,0.82
427680.5,0.81
428280.5,0.81
428880.5,0.81
429480.5,0.81
430080.55,0.8
430680.6,0.81
431280.5,0.8
431880.5,0.79
432480.5,0.79
433080.5,0.79
433680.5,0.79
434280.5,0.78
434880.5,0.78
435480.5,0.77
436080.6,0.78
436680.5,0.77
437280.5,0.77
437880.5,0.77
438480.5,0.76
439080.5,0.77
439680.5,0.77
440280.5,0.76
440880.55,0.75
441480.6,0.75
442080.5,0.75
442680.5,0.75
443280.5,0.75
443880.5,0.74
444480.5,0.75
445080.5,0.74
445680.5,0.74
446280.5,0.73
446880.6,0.73
447480.5,0.73
448080.5,0.73
448680.5,0.72
449280.5,0.72
449880.5,0.72
450480.5,0.71
451080.5,0.71
451680.55,0.72
452280.6,0.71
452880.5,0.7
453480.5,0.71
454080.5,0.69
454680.5,0.7
455280.5,0.69
455880.5,0.69
456480.5,0.69
457080.5,0.69
457680.6,0.68
458280.5,0.68
458880.5,0.68
459480.5,0.67
460080.5,0.68
460680.5,0.68
461280.5,0.67
461880.5,0.67
462480.55,0.67
463080.6,0.67
463680.5,0.66
464280.5,0.66
464880.5,0.66
465480.5,0.65
466080.5,0.65
466680.5,0.65
467280.5,0.65
467880.5,0.65
468480.6,0.65
469080.5,0.64
469680.5,0.65
470280.5,0.64
470880.5,0.65
471480.5,0.64
472080.5,0.63
472680.5,0.63
473280.55,0.63
473880.6,0.63
474480.5,0.63
475080.5,0.62
475680.5,0.63
476280.5,0.62
476880.5,0.62
477480.5,0.62
478080.5,0.61
478680.5,0.61
479280.6,0.6
479880.5,0.61
480480.5,0.61
481080.5,0.6
481680.5,0.6
482280.5,0.6
482880.5,0.59
483480.5,0.59
484080.55,0.6
484680.6,0.59
485280.5,0.59
485880.5,0.59
486480.5,0.58
487080.5,0.59
487680.5,0.58
488280.5,0.58
488880.5,0.58
489480.5,0.58
490080.6,0.57
490680.5,0.57
491280.5,0.57
491880.5,0.56
492480.5,0.56
493080.5,0.56
493680.5,0.56
494280.5,0.55
494880.55,0.55
495480.6,0.54
496080.5,0.54
496680.5,0.54
497280.5,0.54
497880.5,0.53
498480.5,0.54
499080.5,0.53
499680.5,0.53
500280.5,0.52
500880.6,0.52
501480.5,0.52
502080.5,0.52
502680.5,0.52
503280.5,0.52
503880.5,0.51
504480.5,0.51
505080.5,0.51
505680.55,0.51
506280.6,0.5
506880.5,0.51
507480.5,0.5
508080.5,0.5
508680.5,0.5
509280.5,0.5
509880.5,0.49
510480.5,0.49
511080.5,0.49
511680.6,0.49
512280.5,0.49
512880.5,0.49
513480.5,0.48
514080.5,0.48
514680.5,0.48
515280.5,0.48
515880.5,0.47
516480.55,0.48
517080.6,0.48
517680.5,0.47
518280.5,0.47
518880.5,0.47
519480.5,0.46
520080.5,0.47
520680.5,0.46
521280.5,0.46
521880.5,0.46
522480.6,0.46
523080.5,0.46
523680.5,0.46
524280.5,0.45
524880.5,0.45
525480.5,0.45
526080.5,0.45
526680.5,0.45
527280.55,0.44
527880.6,0.44
528480.5,0.44
529080.5,0.44
529680.5,0.44
530280.5,0.44
530880.5,0.44
531480.5,0.43
532080.5,0.43
532680.5,0.43
533280.6,0.43
533880.5,0.43
534480.5,0.43
535080.5,0.43
535680.5,0.43
536280.5,0.43
536880.5,0.43
537480.5,0.43
538080.55,0.42
538680.6,0.42
539280.5,0.42
539880.5,0.42
540480.5,0.41
541080.5,0.41
541680.5,0.41
542280.5,0.4
542880.5,0.41
543480.5,0.41
544080.6,0.4
544680.5,0.4
545280.5,0.4
545880.5,0.4
546480.5,0.4
547080.5,0.39
547680.5,0.39
548280.5,0.39
548880.55,0.39
549480.6,0.39
550080.5,0.39
550680.5,0.39
551280.5,0.38
551880.5,0.39
552480.5,0.39
553080.5,0.38
553680.5,0.38
554280.5,0.37
554880.6,0.38
555480.5,0.37
556080.5,0.38
556680.5,0.37
557280.5,0.37
557880.5,0.37
558480.5,0.37
559080.5,0.37
559680.55,0.37
560280.6,0.36
560880.5,0.36
561480.5,0.37
562080.5,0.36
562680.5,0.36
563280.5,0.36
563880.5,0.36
564480.5,0.36
565080.5,0.36
565680.6,0.36
566280.5,0.36
566880.5,0.36
567480.5,0.36
568080.5,0.35
568680.5,0.35
569280.5,0.35
569880.5,0.35
570480.55,0.35
571080.6,0.34
571680.5,0.34
572280.5,0.34
572880.5,0.34
573480.5,0.34
574080.5,0.34
574680.5,0.33
575280.5,0.34
575880.5,0.34
576480.6,0.34
577080.5,0.33
577680.5,0.32
578280.5,0.32
578880.5,0.33
579480.5,0.33
580080.5,0.32
580680.5,0.32
581280.55,0.31
581880.6,0.32
582480.5,0.32
583080.5,0.32
583680.5,0.31
584280.5,0.32
584880.5,0.31
585480.5,0.31
586080.5,0.31
586680.5,0.31
587280.6,0.3
587880.5,0.31
588480.5,0.31
589080.5,0.3
589680.5,0.3
590280.5,0.3
590880.5,0.3
591480.5,0.3
592080.55,0.3
592680.6,0.3
593280.5,0.31
593880.5,0.3
594480.5,0.3
595080.5,0.29
595680.5,0.3
596280.5,0.3
596880.5,0.3
597480.5,0.29
598080.6,0.29
598680.5,0.3
599280.5,0.29
599880.5,0.29
600480.5,0.29
601080.5,0.29
601680.5,0.28
602280.5,0.28
602880.55,0.29
603480.6,0.29
604080.5,0.29
604680.5,0.29
605280.5,0.29
605880.5,0.29
606480.5,0.29
607080.5,0.28
607680.5,0.29
608280.5,0.29
608880.6,0.28
609480.5,0.28
610080.5,0.28
610680.5,0.27
611280.5,0.28
611880.5,0.28
612480.5,0.28
613080.5,0.28
613680.55,0.28
614280.6,0.28
614880.5,0.27
615480.5,0.28
616080.5,0.28
616680.5,0.28
617280.5,0.28
617880.5,0.27
618480.5,0.27
619080.5,0.27
619680.6,0.27
620280.5,0.27
620880.5,0.27
621480.5,0.27
622080.5,0.27
622680.5,0.27
623280.5,0.26
623880.5,0.27
624480.55,0.27
625080.6,0.27
625680.5,0.27
626280.5,0.27
626880.5,0.27
627480.5,0.27
628080.5,0.27
628680.5,0.26
629280.5,0.27
629880.5,0.26
630480.6,0.26
631080.5,0.26
631680.5,0.26
632280.5,0.26
632880.5,0.26
633480.5,0.26
634080.5,0.26
634680.5,0.26
635280.55,0.26
635880.6,0.26
636480.5,0.26
637080.5,0.26
637680.5,0.26
638280.5,0.25
638880.5,0.26
639480.5,0.26
640080.5,0.26
640680.5,0.26
641280.6,0.26
641880.5,0.26
642480.5,0.25
643080.5,0.25
643680.5,0.25
644280.5,0.25
644880.5,0.25
645480.5,0.25
646080.55,0.25
646680.6,0.25
647280.5,0.25
647880.5,0.25
648480.5,0.25
649080.5,0.25
649680.5,0.25
650280.5,0.25
650880.5,0.25
651480.5,0.25
652080.6,0.25
652680.5,0.25
653280.5,0.25
653880.5,0.26
654480.5,0.25
655080.5,0.25
655680.5,0.25
656280.5,0.25
656880.55,0.24
657480.6,0.25
658080.5,0.24
658680.5,0.25
659280.5,0.24
659880.5,0.24
660480.5,0.25
661080.5,0.24
661680.5,0.25
662280.5,0.24
662880.6,0.24
663480.5,0.24
664080.5,0.24
664680.5,0.24
665280.5,0.24
665880.5,0.24
666480.5,0.24
667080.5,0.23
667680.55,0.23
668280.6,0.24
668880.5,0.24
669480.5,0.23
670080.5,0.24
670680.5,0.24
671280.5,0.23
671880.5,0.23
672480.5,0.23
673080.5,0.24
673680.6,0.23
674280.5,0.23
674880.5,0.22
675480.5,0.23
676080.5,0.23
676680.5,0.23
677280.5,0.23
677880.5,0.23
678480.55,0.22
679080.6,0.23
679680.5,0.22
680280.5,0.22
680880.5,0.22
681480.5,0.22
682080.5,0.22
682680.5,0.21
683280.5,0.22
683880.5,0.22
684480.6,0.21
685080.5,0.21
685680.5,0.21
686280.5,0.22
686880.5,0.2
687480.5,0.21
688080.5,0.22
688680.5,0.21
689280.55,0.2
689880.6,0.21
690480.5,0.21
691080.5,0.2
691680.5,0.2
692280.5,0.2
692880.5,0.2
693480.5,0.2
694080.5,0.2
694680.5,0.2
695280.6,0.2
695880.5,0.2
696480.5,0.2
697080.5,0.19
697680.5,0.2
698280.5,0.19
698880.5,0.2
699480.5,0.2
700080.55,0.19
700680.6,0.2
701280.5,0.19
701880.5,0.19
702480.5,0.2
703080.5,0.2
703680.5,0.19
704280.5,0.2
704880.5,0.19
705480.5,0.19
706080.6,0.19
706680.5,0.2
707280.5,0.2
707880.5,0.19
708480.5,0.19
709080.5,0.19
709680.5,0.19
710280.5,0.19
710880.55,0.19
711480.6,0.18
712080.5,0.19
712680.5,0.19
713280.5,0.18
713880.5,0.18
714480.5,0.18
715080.5,0.18
715680.5,0.18
716280.5,0.18
716880.6,0.18
717480.5,0.18
718080.5,0.18
718680.5,0.18
719280.5,0.18
719880.5,0.18
720480.5,0.18
721080.5,0.17
721680.55,0.18
722280.6,0.17
722880.5,0.17
723480.5,0.18
724080.5,0.17
724680.5,0.17
725280.5,0.17
725880.5,0.17
726480.5,0.18
727080.5,0.17
727680.6,0.17
728280.5,0.17
728880.5,0.17
729480.5,0.17
730080.5,0.18
730680.5,0.17
731280.5,0.17
731880.5,0.17
732480.55,0.17
733080.6,0.17
733680.5,0.17
734280.5,0.17
734880.5,0.17
735480.5,0.16
736080.5,0.17
736680.5,0.16
737280.5,0.17
737880.5,0.17
738480.6,0.17
739080.5,0.16
739680.5,0.16
740280.5,0.16
740880.5,0.17
741480.5,0.16
742080.5,0.16
742680.5,0.17
743280.55,0.16
743880.6,0.16
744480.5,0.16
745080.5,0.16
745680.5,0.16
746280.5,0.16
746880.5,0.16
747480.5,0.16
748080.5,0.15
748680.5,0.16
749280.6,0.16
749880.5,0.16
750480.5,0.16
751080.5,0.16
751680.5,0.16
752280.5,0.16
752880.5,0.16
753480.5,0.15
754080.55,0.15
754680.6,0.16
755280.5,0.15
755880.5,0.15
756480.5,0.15
757080.5,0.16
757680.5,0.15
758280.5,0.15
758880.5,0.15
759480.5,0.15
760080.6,0.15
760680.5,0.15
761280.5,0.15
761880.5,0.14
762480.5,0.14
763080.5,0.15
763680.5,0.14
764280.5,0.15
764880.55,0.14
765480.6,0.14
766080.5,0.13
766680.5,0.14
767280.5,0.13
767880.5,0.13
768480.5,0.13
769080.5,0.13
769680.5,0.13
770280.5,0.13
770880.6,0.13
771480.5,0.13
772080.5,0.13
772680.5,0.13
773280.5,0.13
773880.5,0.13
774480.5,0.12
775080.5,0.13
775680.55,0.12
776280.6,0.12
776880.5,0.11
777480.5,0.12
778080.5,0.12
778680.5,0.11
779280.5,0.12
779880.5,0.11
780480.5,0.11
781080.5,0.12
781680.6,0.12
782280.5,0.12
782880.5,0.11
783480.5,0.11
784080.5,0.12
784680.5,0.12
785280.5,0.12
785880.5,0.12
786480.55,0.12
787080.6,0.12
787680.5,0.11
788280.5,0.11
788880.5,0.11
789480.5,0.12
790080.5,0.11
790680.5,0.12
791280.5,0.12
791880.5,0.12
792480.6,0.11
793080.5,0.12
793680.5,0.12
794280.5,0.11
794880.5,0.12
795480.5,0.12
796080.5,0.11
796680.5,0.11
797280.55,0.12
797880.6,0.11
798480.5,0.11
799080.5,0.12
799680.5,0.12
800280.5,0.12
800880.5,0.11
801480.5,0.11
802080.5,0.11
802680.5,0.11
803280.6,0.12
803880.5,0.11
804480.5,0.11
805080.5,0.11
805680.5,0.12
806280.5,0.11
806880.5,0.11
807480.5,0.11
808080.55,0.11
808680.6,0.11
809280.5,0.11
809880.5,0.11
810480.5,0.1
811080.5,0.11
811680.5,0.1
812280.5,0.11
812880.5,0.1
813480.5,0.11
814080.6,0.1
814680.5,0.11
815280.5,0.11
815880.5,0.1
816480.5,0.1
817080.5,0.1
817680.5,0.1
818280.5,0.1
818880.55,0.11
819480.6,0.11
820080.5,0.1
820680.5,0.09
821280.5,0.09
821880.5,0.1
822480.5,0.09
823080.5,0.1
823680.5,0.1
824280.5,0.1
824880.6,0.1
825480.5,0.1
826080.5,0.1
826680.5,0.1
827280.5,0.1
827880.5,0.1
828480.5,0.1
829080.5,0.1
829680.55,0.09
830280.6,0.1
830880.5,0.1
831480.5,0.1
832080.5,0.1
832680.5,0.1
833280.5,0.1
833880.5,0.1
834480.5,0.09
835080.5,0.1
835680.6,0.09
836280.5,0.09
836880.5,0.1
837480.5,0.09
838080.5,0.1
838680.5,0.1
839280.5,0.1
839880.5,0.09
840480.55,0.09
841080.6,0.09
841680.5,0.09
842280.5,0.09
842880.5,0.09
843480.5,0.09
844080.5,0.1
844680.5,0.09
845280.5,0.09
845880.5,0.1
846480.6,0.09
847080.5,0.09
847680.5,0.09
848280.5,0.09
848880.5,0.09
849480.5,0.08
850080.5,0.09
850680.5,0.09
851280.55,0.08
851880.6,0.08
852480.5,0.08
853080.5,0.09
853680.5,0.08
854280.5,0.08
854880.5,0.07
855480.5,0.08
856080.5,0.08
856680.5,0.07
857280.6,0.08
857880.5,0.07
858480.5,0.07
859080.5,0.06
859680.5,0.06
860280.5,0.06
860880.5,0.06
861480.5,0.06
862080.55,0.07
862680.6,0.06
863280.5,0.07
863880.5,0.06
864480.5,0.06
865080.5,0.07
865680.5,0.07
866280.5,0.07
866880.5,0.06
867480.5,0.06
868080.6,0.06
868680.5,0.06
869280.5,0.07
869880.5,0.06
870480.5,0.06
871080.5,0.06
871680.5,0.06
872280.5,0.06
872880.55,0.06
873480.6,0.06
874080.5,0.06
874680.5,0.06
875280.5,0.05
875880.5,0.07
876480.5,0.06
877080.5,0.07
877680.5,0.07
878280.5,0.07
878880.6,0.06
879480.5,0.07
880080.5,0.07
880680.5,0.07
881280.5,0.06
881880.5,0.07
882480.5,0.07
883080.5,0.07
883680.55,0.07
884280.6,0.07
884880.5,0.07
885480.5,0.06
886080.5,0.07
886680.5,0.07
887280.5,0.06
887880.5,0.06
888480.5,0.06
889080.5,0.07
889680.6,0.07
890280.5,0.06
890880.5,0.06
891480.5,0.06
892080.5,0.06
892680.5,0.06
893280.5,0.07
893880.5,0.06
894480.55,0.06
895080.6,0.06
895680.5,0.06
896280.5,0.06
896880.5,0.06
897480.5,0.06
898080.5,0.05
898680.5,0.06
899280.5,0.06
899880.5,0.05
900480.6,0.06
901080.5,0.05
901680.5,0.06
902280.5,0.06
902880.5,0.05
903480.5,0.05
904080.5,0.05
904680.5,0.05
905280.55,0.05
905880.6,0.05
906480.5,0.05
907080.5,0.05
907680.5,0.06
908280.5,0.05
908880.5,0.05
909480.5,0.05
910080.5,0.05
910680.5,0.05
911280.6,0.05
911880.5,0.05
912480.5,0.05
913080.5,0.05
913680.5,0.05
914280.5,0.05
914880.5,0.05
915480.5,0.05
916080.55,0.05
916680.6,0.05
917280.5,0.05
917880.5,0.05
918480.5,0.05
919080.5,0.05
919680.5,0.05
920280.5,0.05
920880.5,0.05
921480.5,0.04
922080.6,0.05
922680.5,0.05
923280.5,0.04
923880.5,0.05
924480.5,0.05
925080.5,0.05
925680.5,0.05
926280.5,0.05
926880.55,0.05
927480.6,0.04
928080.5,0.05
928680.5,0.05
929280.5,0.04
929880.5,0.05
